experiment,sample_idx,label,epsilon,result,time_s
robustness,0,a,0.01,verified,0.0
robustness,1,a,0.01,verified,0.0
robustness,2,a,0.01,verified,0.0
robustness,3,a,0.01,falsified,0.0
robustness,4,a,0.01,verified,0.0
robustness,5,a,0.01,verified,0.0
robustness,6,a,0.01,verified,0.0
robustness,7,a,0.01,verified,0.0
robustness,8,a,0.01,verified,0.0
robustness,9,a,0.01,verified,0.0
robustness,800,b,0.01,verified,0.0
robustness,801,b,0.01,verified,0.0
robustness,802,b,0.01,verified,0.0
robustness,803,b,0.01,verified,0.0
robustness,804,b,0.01,verified,0.0
robustness,805,b,0.01,verified,0.0
robustness,806,b,0.01,verified,0.0
robustness,807,b,0.01,verified,0.0
robustness,808,b,0.01,verified,0.0
robustness,809,b,0.01,verified,0.0
robustness,1600,c,0.01,verified,0.0
robustness,1601,c,0.01,verified,0.0
robustness,1602,c,0.01,verified,0.0
robustness,1603,c,0.01,falsified,0.0
robustness,1604,c,0.01,verified,0.0
robustness,1605,c,0.01,verified,0.0
robustness,1606,c,0.01,verified,0.0
robustness,1607,c,0.01,verified,0.0
robustness,1608,c,0.01,verified,0.0
robustness,1609,c,0.01,verified,0.0
robustness,2400,d,0.01,falsified,0.0
robustness,2401,d,0.01,verified,0.0
robustness,2402,d,0.01,verified,0.0
robustness,2403,d,0.01,verified,0.0
robustness,2404,d,0.01,verified,0.0
robustness,2405,d,0.01,verified,0.0
robustness,2406,d,0.01,verified,0.0
robustness,2407,d,0.01,verified,0.0
robustness,2408,d,0.01,verified,0.0
robustness,2409,d,0.01,verified,0.0
robustness,3200,e,0.01,verified,0.0
robustness,3201,e,0.01,verified,0.0
robustness,3202,e,0.01,verified,0.0
robustness,3203,e,0.01,verified,0.0
robustness,3204,e,0.01,verified,0.0
robustness,3205,e,0.01,verified,0.0
robustness,3206,e,0.01,verified,0.0
robustness,3207,e,0.01,verified,0.0
robustness,3208,e,0.01,verified,0.0
robustness,3209,e,0.01,verified,0.0
robustness,4000,f,0.01,verified,0.0
robustness,4001,f,0.01,verified,0.0
robustness,4002,f,0.01,verified,0.0
robustness,4003,f,0.01,falsified,0.0
robustness,4004,f,0.01,verified,0.0
robustness,4005,f,0.01,verified,0.0
robustness,4006,f,0.01,verified,0.0
robustness,4007,f,0.01,verified,0.0
robustness,4008,f,0.01,verified,0.0
robustness,4009,f,0.01,verified,0.0
robustness,4800,g,0.01,verified,0.0
robustness,4801,g,0.01,verified,0.0
robustness,4802,g,0.01,verified,0.0
robustness,4803,g,0.01,verified,0.0
robustness,4804,g,0.01,verified,0.0
robustness,4805,g,0.01,verified,0.0
robustness,4806,g,0.01,falsified,0.0
robustness,4807,g,0.01,verified,0.0
robustness,4808,g,0.01,verified,0.0
robustness,4809,g,0.01,verified,0.0
robustness,5600,h,0.01,verified,0.0
robustness,5601,h,0.01,verified,0.0
robustness,5602,h,0.01,falsified,0.0
robustness,5603,h,0.01,verified,0.0
robustness,5604,h,0.01,verified,0.0
robustness,5605,h,0.01,verified,0.0
robustness,5606,h,0.01,verified,0.0
robustness,5607,h,0.01,verified,0.0
robustness,5608,h,0.01,verified,0.0
robustness,5609,h,0.01,verified,0.0
robustness,6400,i,0.01,falsified,0.0
robustness,6401,i,0.01,falsified,0.0
robustness,6402,i,0.01,verified,0.0
robustness,6403,i,0.01,falsified,0.0
robustness,6404,i,0.01,falsified,0.0
robustness,6405,i,0.01,falsified,0.0
robustness,6406,i,0.01,falsified,0.0
robustness,6407,i,0.01,verified,0.0
robustness,6408,i,0.01,verified,0.2421
robustness,6409,i,0.01,verified,0.0
robustness,7200,j,0.01,falsified,0.0
robustness,7201,j,0.01,verified,0.0
robustness,7202,j,0.01,verified,0.0
robustness,7203,j,0.01,verified,0.0
robustness,7204,j,0.01,verified,0.0
robustness,7205,j,0.01,verified,0.0
robustness,7206,j,0.01,verified,0.0
robustness,7207,j,0.01,verified,0.0
robustness,7208,j,0.01,verified,0.0
robustness,7209,j,0.01,verified,0.0
robustness,8000,k,0.01,verified,0.0
robustness,8001,k,0.01,verified,0.0
robustness,8002,k,0.01,verified,0.0
robustness,8003,k,0.01,verified,0.0
robustness,8004,k,0.01,verified,0.0
robustness,8005,k,0.01,verified,0.0
robustness,8006,k,0.01,verified,0.0
robustness,8007,k,0.01,verified,0.0
robustness,8008,k,0.01,verified,0.0
robustness,8009,k,0.01,verified,0.0
robustness,8800,l,0.01,verified,0.0
robustness,8801,l,0.01,verified,0.0
robustness,8802,l,0.01,verified,0.0
robustness,8803,l,0.01,verified,0.0
robustness,8804,l,0.01,verified,0.0
robustness,8805,l,0.01,verified,0.0
robustness,8806,l,0.01,verified,0.0
robustness,8807,l,0.01,falsified,0.0
robustness,8808,l,0.01,verified,0.0
robustness,8809,l,0.01,falsified,0.0
robustness,9600,m,0.01,verified,0.0
robustness,9601,m,0.01,verified,0.0
robustness,9602,m,0.01,verified,0.0
robustness,9603,m,0.01,verified,0.0
robustness,9604,m,0.01,verified,0.0
robustness,9605,m,0.01,verified,0.0
robustness,9606,m,0.01,verified,0.0
robustness,9607,m,0.01,verified,0.0
robustness,9608,m,0.01,verified,0.0
robustness,9609,m,0.01,verified,0.0
robustness,10400,n,0.01,verified,0.0
robustness,10401,n,0.01,verified,0.0
robustness,10402,n,0.01,verified,0.0
robustness,10403,n,0.01,verified,0.0
robustness,10404,n,0.01,verified,0.0
robustness,10405,n,0.01,verified,0.0
robustness,10406,n,0.01,verified,0.0
robustness,10407,n,0.01,verified,0.0
robustness,10408,n,0.01,verified,0.0
robustness,10409,n,0.01,verified,0.0
robustness,11200,o,0.01,verified,0.0
robustness,11201,o,0.01,verified,0.0
robustness,11202,o,0.01,verified,0.0
robustness,11203,o,0.01,verified,0.0
robustness,11204,o,0.01,verified,0.0
robustness,11205,o,0.01,verified,0.0
robustness,11206,o,0.01,verified,0.0
robustness,11207,o,0.01,verified,0.0
robustness,11208,o,0.01,verified,0.0
robustness,11209,o,0.01,verified,0.0
robustness,12000,p,0.01,verified,0.0
robustness,12001,p,0.01,verified,0.0
robustness,12002,p,0.01,falsified,0.0
robustness,12003,p,0.01,verified,0.0
robustness,12004,p,0.01,verified,0.0
robustness,12005,p,0.01,verified,0.0
robustness,12006,p,0.01,verified,0.0
robustness,12007,p,0.01,verified,0.0
robustness,12008,p,0.01,verified,0.0
robustness,12009,p,0.01,verified,0.0
robustness,12800,q,0.01,verified,0.0
robustness,12801,q,0.01,verified,0.0
robustness,12802,q,0.01,falsified,0.0
robustness,12803,q,0.01,verified,0.0
robustness,12804,q,0.01,verified,0.3116
robustness,12805,q,0.01,verified,0.0
robustness,12806,q,0.01,verified,0.0
robustness,12807,q,0.01,verified,0.0
robustness,12808,q,0.01,falsified,0.0
robustness,12809,q,0.01,verified,0.0
robustness,13600,r,0.01,verified,0.0
robustness,13601,r,0.01,verified,0.0
robustness,13602,r,0.01,verified,0.0
robustness,13603,r,0.01,verified,0.0
robustness,13604,r,0.01,verified,0.0
robustness,13605,r,0.01,verified,0.0
robustness,13606,r,0.01,falsified,0.0
robustness,13607,r,0.01,verified,0.0
robustness,13608,r,0.01,falsified,0.0
robustness,13609,r,0.01,verified,0.0
robustness,14400,s,0.01,verified,0.0
robustness,14401,s,0.01,verified,0.0
robustness,14402,s,0.01,verified,0.0
robustness,14403,s,0.01,verified,0.0
robustness,14404,s,0.01,verified,0.0
robustness,14405,s,0.01,verified,0.0
robustness,14406,s,0.01,verified,0.0
robustness,14407,s,0.01,falsified,0.0
robustness,14408,s,0.01,verified,0.0
robustness,14409,s,0.01,verified,0.0
robustness,15200,t,0.01,verified,0.0
robustness,15201,t,0.01,verified,0.0
robustness,15202,t,0.01,falsified,0.0
robustness,15203,t,0.01,verified,0.0
robustness,15204,t,0.01,verified,0.0
robustness,15205,t,0.01,verified,0.0
robustness,15206,t,0.01,verified,0.0
robustness,15207,t,0.01,verified,0.0
robustness,15208,t,0.01,verified,0.0
robustness,15209,t,0.01,falsified,0.0
robustness,16000,u,0.01,verified,0.0
robustness,16001,u,0.01,verified,0.0
robustness,16002,u,0.01,verified,0.0
robustness,16003,u,0.01,verified,0.0
robustness,16004,u,0.01,verified,0.0
robustness,16005,u,0.01,verified,0.0
robustness,16006,u,0.01,verified,0.0
robustness,16007,u,0.01,verified,0.0
robustness,16008,u,0.01,verified,0.0
robustness,16009,u,0.01,verified,0.0
robustness,16800,v,0.01,falsified,0.0
robustness,16801,v,0.01,verified,0.0
robustness,16802,v,0.01,verified,0.0
robustness,16803,v,0.01,verified,0.0
robustness,16804,v,0.01,verified,0.0
robustness,16805,v,0.01,verified,0.0
robustness,16806,v,0.01,verified,0.0
robustness,16807,v,0.01,verified,0.0
robustness,16808,v,0.01,verified,0.0
robustness,16809,v,0.01,verified,0.0
robustness,17600,w,0.01,verified,0.0
robustness,17601,w,0.01,verified,0.0
robustness,17602,w,0.01,verified,0.0
robustness,17603,w,0.01,verified,0.0
robustness,17604,w,0.01,verified,0.0
robustness,17605,w,0.01,verified,0.0
robustness,17606,w,0.01,verified,0.0
robustness,17607,w,0.01,verified,0.0
robustness,17608,w,0.01,verified,0.0
robustness,17609,w,0.01,verified,0.0
robustness,18400,x,0.01,verified,0.0
robustness,18401,x,0.01,verified,0.0
robustness,18402,x,0.01,verified,0.0
robustness,18403,x,0.01,verified,0.0
robustness,18404,x,0.01,verified,0.0
robustness,18405,x,0.01,verified,0.0
robustness,18406,x,0.01,verified,0.0
robustness,18407,x,0.01,falsified,0.0
robustness,18408,x,0.01,verified,0.0
robustness,18409,x,0.01,verified,0.0
robustness,19200,y,0.01,verified,0.0
robustness,19201,y,0.01,verified,0.0
robustness,19202,y,0.01,verified,0.0
robustness,19203,y,0.01,verified,0.0
robustness,19204,y,0.01,verified,0.0
robustness,19205,y,0.01,verified,0.0
robustness,19206,y,0.01,verified,0.0
robustness,19207,y,0.01,falsified,0.0
robustness,19208,y,0.01,falsified,0.0
robustness,19209,y,0.01,verified,0.0
robustness,20000,z,0.01,verified,0.0
robustness,20001,z,0.01,verified,0.0
robustness,20002,z,0.01,verified,0.0
robustness,20003,z,0.01,verified,0.0
robustness,20004,z,0.01,verified,0.0
robustness,20005,z,0.01,verified,0.0
robustness,20006,z,0.01,verified,0.0
robustness,20007,z,0.01,verified,0.0
robustness,20008,z,0.01,verified,0.0
robustness,20009,z,0.01,verified,0.0
